CREATE DATABASE  IF NOT EXISTS `pss` /*!40100 DEFAULT CHARACTER SET utf8mb4 COLLATE utf8mb4_0900_ai_ci */ /*!80016 DEFAULT ENCRYPTION='N' */;
USE `pss`;
-- MySQL dump 10.13  Distrib 8.0.32, for Win64 (x86_64)
--
-- Host: localhost    Database: pss
-- ------------------------------------------------------
-- Server version	8.0.32

/*!40101 SET @OLD_CHARACTER_SET_CLIENT=@@CHARACTER_SET_CLIENT */;
/*!40101 SET @OLD_CHARACTER_SET_RESULTS=@@CHARACTER_SET_RESULTS */;
/*!40101 SET @OLD_COLLATION_CONNECTION=@@COLLATION_CONNECTION */;
/*!50503 SET NAMES utf8 */;
/*!40103 SET @OLD_TIME_ZONE=@@TIME_ZONE */;
/*!40103 SET TIME_ZONE='+00:00' */;
/*!40014 SET @OLD_UNIQUE_CHECKS=@@UNIQUE_CHECKS, UNIQUE_CHECKS=0 */;
/*!40014 SET @OLD_FOREIGN_KEY_CHECKS=@@FOREIGN_KEY_CHECKS, FOREIGN_KEY_CHECKS=0 */;
/*!40101 SET @OLD_SQL_MODE=@@SQL_MODE, SQL_MODE='NO_AUTO_VALUE_ON_ZERO' */;
/*!40111 SET @OLD_SQL_NOTES=@@SQL_NOTES, SQL_NOTES=0 */;

--
-- Table structure for table `health_unit`
--

DROP TABLE IF EXISTS `health_unit`;
/*!40101 SET @saved_cs_client     = @@character_set_client */;
/*!50503 SET character_set_client = utf8mb4 */;
CREATE TABLE `health_unit` (
  `id` bigint NOT NULL AUTO_INCREMENT,
  `address` varchar(100) NOT NULL,
  `name` varchar(50) NOT NULL,
  PRIMARY KEY (`id`)
) ENGINE=InnoDB AUTO_INCREMENT=4 DEFAULT CHARSET=utf8mb4 COLLATE=utf8mb4_0900_ai_ci;
/*!40101 SET character_set_client = @saved_cs_client */;

--
-- Dumping data for table `health_unit`
--

LOCK TABLES `health_unit` WRITE;
/*!40000 ALTER TABLE `health_unit` DISABLE KEYS */;
INSERT INTO `health_unit` VALUES (1,'Alameda Madri 45','UBS Ponte Nova'),(2,'Av. Benedito Zingari 577','PSF Bela Vista'),(3,'Rua Benedito José de Toledo 86','UBS Vila Rica');
/*!40000 ALTER TABLE `health_unit` ENABLE KEYS */;
UNLOCK TABLES;

--
-- Table structure for table `medic`
--

DROP TABLE IF EXISTS `medic`;
/*!40101 SET @saved_cs_client     = @@character_set_client */;
/*!50503 SET character_set_client = utf8mb4 */;
CREATE TABLE `medic` (
  `id` bigint NOT NULL AUTO_INCREMENT,
  `name` varchar(50) NOT NULL,
  `specialty` varchar(50) NOT NULL,
  `health_unit_id` bigint NOT NULL,
  PRIMARY KEY (`id`),
  KEY `FKskbgf07r6qcio9orumi3rwwtt` (`health_unit_id`),
  CONSTRAINT `FKskbgf07r6qcio9orumi3rwwtt` FOREIGN KEY (`health_unit_id`) REFERENCES `health_unit` (`id`)
) ENGINE=InnoDB AUTO_INCREMENT=9 DEFAULT CHARSET=utf8mb4 COLLATE=utf8mb4_0900_ai_ci;
/*!40101 SET character_set_client = @saved_cs_client */;

--
-- Dumping data for table `medic`
--

LOCK TABLES `medic` WRITE;
/*!40000 ALTER TABLE `medic` DISABLE KEYS */;
INSERT INTO `medic` VALUES (1,'Antônio Carlos','Clínico Geral',1),(2,'Rodrigo Freitas','Ortopedista',1),(3,'Daniel Silva','Cardiologista',1),(4,'Marta Silva','Ginecologista',1),(5,'Rubens Barreto','Clínico Geral',2),(6,'Carlos Alberto','Oftalmologista',2),(7,'Roberto Carlos','Ortopedista',3),(8,'Renata Silva','Dentista',3);
/*!40000 ALTER TABLE `medic` ENABLE KEYS */;
UNLOCK TABLES;

--
-- Table structure for table `patient`
--

DROP TABLE IF EXISTS `patient`;
/*!40101 SET @saved_cs_client     = @@character_set_client */;
/*!50503 SET character_set_client = utf8mb4 */;
CREATE TABLE `patient` (
  `id` bigint NOT NULL AUTO_INCREMENT,
  `identity` varchar(15) NOT NULL,
  `name` varchar(50) NOT NULL,
  PRIMARY KEY (`id`)
) ENGINE=InnoDB DEFAULT CHARSET=utf8mb4 COLLATE=utf8mb4_0900_ai_ci;
/*!40101 SET character_set_client = @saved_cs_client */;

--
-- Dumping data for table `patient`
--

LOCK TABLES `patient` WRITE;
/*!40000 ALTER TABLE `patient` DISABLE KEYS */;
/*!40000 ALTER TABLE `patient` ENABLE KEYS */;
UNLOCK TABLES;

--
-- Table structure for table `schedule`
--

DROP TABLE IF EXISTS `schedule`;
/*!40101 SET @saved_cs_client     = @@character_set_client */;
/*!50503 SET character_set_client = utf8mb4 */;
CREATE TABLE `schedule` (
  `id` bigint NOT NULL AUTO_INCREMENT,
  `date_time` datetime(6) NOT NULL,
  `status` enum('CANCELED','COMPLETED','FREE','SCHEDULED') NOT NULL,
  `medic_id` bigint NOT NULL,
  `patient_id` bigint DEFAULT NULL,
  PRIMARY KEY (`id`),
  KEY `FKc4uma2e0fnrb1fj9kh4qbaf1n` (`medic_id`),
  KEY `FKjas1rguk3qfmt719ywdcni9k7` (`patient_id`),
  CONSTRAINT `FKc4uma2e0fnrb1fj9kh4qbaf1n` FOREIGN KEY (`medic_id`) REFERENCES `medic` (`id`),
  CONSTRAINT `FKjas1rguk3qfmt719ywdcni9k7` FOREIGN KEY (`patient_id`) REFERENCES `patient` (`id`)
) ENGINE=InnoDB AUTO_INCREMENT=402 DEFAULT CHARSET=utf8mb4 COLLATE=utf8mb4_0900_ai_ci;
/*!40101 SET character_set_client = @saved_cs_client */;

--
-- Dumping data for table `schedule`
--

LOCK TABLES `schedule` WRITE;
/*!40000 ALTER TABLE `schedule` DISABLE KEYS */;
INSERT INTO `schedule` VALUES (195,'2023-10-10 08:00:00.000000','FREE',1,NULL),(196,'2023-10-10 09:00:00.000000','FREE',1,NULL),(197,'2023-10-10 10:00:00.000000','FREE',1,NULL),(198,'2023-10-10 11:00:00.000000','FREE',1,NULL),(199,'2023-10-10 13:00:00.000000','FREE',1,NULL),(200,'2023-10-10 14:00:00.000000','FREE',1,NULL),(201,'2023-10-10 15:00:00.000000','FREE',1,NULL),(202,'2023-10-10 16:00:00.000000','FREE',1,NULL),(203,'2023-10-10 17:00:00.000000','FREE',1,NULL),(204,'2023-10-11 08:00:00.000000','FREE',1,NULL),(205,'2023-10-11 09:00:00.000000','FREE',1,NULL),(206,'2023-10-11 10:00:00.000000','FREE',1,NULL),(207,'2023-10-11 11:00:00.000000','FREE',1,NULL),(208,'2023-10-11 13:00:00.000000','FREE',1,NULL),(209,'2023-10-11 14:00:00.000000','FREE',1,NULL),(210,'2023-10-11 15:00:00.000000','FREE',1,NULL),(211,'2023-10-11 16:00:00.000000','FREE',1,NULL),(212,'2023-10-11 17:00:00.000000','FREE',1,NULL),(213,'2023-10-12 08:00:00.000000','FREE',1,NULL),(214,'2023-10-12 09:00:00.000000','FREE',1,NULL),(215,'2023-10-12 10:00:00.000000','FREE',1,NULL),(216,'2023-10-12 11:00:00.000000','FREE',1,NULL),(217,'2023-10-12 13:00:00.000000','FREE',1,NULL),(218,'2023-10-12 14:00:00.000000','FREE',1,NULL),(219,'2023-10-12 15:00:00.000000','FREE',1,NULL),(220,'2023-10-12 16:00:00.000000','FREE',1,NULL),(221,'2023-10-12 17:00:00.000000','FREE',1,NULL),(222,'2023-10-13 08:00:00.000000','FREE',1,NULL),(223,'2023-10-13 09:00:00.000000','FREE',1,NULL),(224,'2023-10-13 10:00:00.000000','FREE',1,NULL),(225,'2023-10-13 11:00:00.000000','FREE',1,NULL),(226,'2023-10-13 13:00:00.000000','FREE',1,NULL),(227,'2023-10-13 14:00:00.000000','FREE',1,NULL),(228,'2023-10-13 15:00:00.000000','FREE',1,NULL),(229,'2023-10-13 16:00:00.000000','FREE',1,NULL),(230,'2023-10-13 17:00:00.000000','FREE',1,NULL),(231,'2023-10-16 09:00:00.000000','FREE',2,NULL),(232,'2023-10-16 10:00:00.000000','FREE',2,NULL),(233,'2023-10-16 11:00:00.000000','FREE',2,NULL),(234,'2023-10-16 13:00:00.000000','FREE',2,NULL),(235,'2023-10-16 14:00:00.000000','FREE',2,NULL),(236,'2023-10-16 15:00:00.000000','FREE',2,NULL),(237,'2023-10-16 16:00:00.000000','FREE',2,NULL),(238,'2023-10-17 09:00:00.000000','FREE',2,NULL),(239,'2023-10-17 10:00:00.000000','FREE',2,NULL),(240,'2023-10-17 11:00:00.000000','FREE',2,NULL),(241,'2023-10-17 13:00:00.000000','FREE',2,NULL),(242,'2023-10-17 14:00:00.000000','FREE',2,NULL),(243,'2023-10-17 15:00:00.000000','FREE',2,NULL),(244,'2023-10-17 16:00:00.000000','FREE',2,NULL),(245,'2023-10-18 09:00:00.000000','FREE',2,NULL),(246,'2023-10-18 10:00:00.000000','FREE',2,NULL),(247,'2023-10-18 11:00:00.000000','FREE',2,NULL),(248,'2023-10-18 13:00:00.000000','FREE',2,NULL),(249,'2023-10-18 14:00:00.000000','FREE',2,NULL),(250,'2023-10-18 15:00:00.000000','FREE',2,NULL),(251,'2023-10-18 16:00:00.000000','FREE',2,NULL),(252,'2023-10-19 09:00:00.000000','FREE',2,NULL),(253,'2023-10-19 10:00:00.000000','FREE',2,NULL),(254,'2023-10-19 11:00:00.000000','FREE',2,NULL),(255,'2023-10-19 13:00:00.000000','FREE',2,NULL),(256,'2023-10-19 14:00:00.000000','FREE',2,NULL),(257,'2023-10-19 15:00:00.000000','FREE',2,NULL),(258,'2023-10-19 16:00:00.000000','FREE',2,NULL),(259,'2023-10-10 18:00:00.000000','FREE',3,NULL),(260,'2023-10-10 19:00:00.000000','FREE',3,NULL),(261,'2023-10-10 20:00:00.000000','FREE',3,NULL),(262,'2023-10-10 21:00:00.000000','FREE',3,NULL),(263,'2023-10-10 22:00:00.000000','FREE',3,NULL),(264,'2023-10-10 23:00:00.000000','FREE',3,NULL),(265,'2023-10-11 01:00:00.000000','FREE',3,NULL),(266,'2023-10-11 02:00:00.000000','FREE',3,NULL),(267,'2023-10-11 03:00:00.000000','FREE',3,NULL),(268,'2023-10-11 04:00:00.000000','FREE',3,NULL),(269,'2023-10-11 05:00:00.000000','FREE',3,NULL),(270,'2023-10-12 18:00:00.000000','FREE',3,NULL),(271,'2023-10-12 19:00:00.000000','FREE',3,NULL),(272,'2023-10-12 20:00:00.000000','FREE',3,NULL),(273,'2023-10-12 21:00:00.000000','FREE',3,NULL),(274,'2023-10-12 22:00:00.000000','FREE',3,NULL),(275,'2023-10-12 23:00:00.000000','FREE',3,NULL),(276,'2023-10-13 01:00:00.000000','FREE',3,NULL),(277,'2023-10-13 02:00:00.000000','FREE',3,NULL),(278,'2023-10-13 03:00:00.000000','FREE',3,NULL),(279,'2023-10-13 04:00:00.000000','FREE',3,NULL),(280,'2023-10-13 05:00:00.000000','FREE',3,NULL),(281,'2023-10-10 13:00:00.000000','FREE',4,NULL),(282,'2023-10-10 13:30:00.000000','FREE',4,NULL),(283,'2023-10-10 14:00:00.000000','FREE',4,NULL),(284,'2023-10-10 14:30:00.000000','FREE',4,NULL),(285,'2023-10-10 15:00:00.000000','FREE',4,NULL),(286,'2023-10-10 15:30:00.000000','FREE',4,NULL),(287,'2023-10-10 16:00:00.000000','FREE',4,NULL),(288,'2023-10-10 16:30:00.000000','FREE',4,NULL),(289,'2023-10-10 17:00:00.000000','FREE',4,NULL),(290,'2023-10-10 17:30:00.000000','FREE',4,NULL),(291,'2023-10-10 18:00:00.000000','FREE',4,NULL),(292,'2023-10-10 18:30:00.000000','FREE',4,NULL),(293,'2022-12-26 07:00:00.000000','FREE',5,NULL),(294,'2022-12-26 08:00:00.000000','FREE',5,NULL),(295,'2022-12-26 09:00:00.000000','FREE',5,NULL),(296,'2022-12-26 10:00:00.000000','FREE',5,NULL),(297,'2022-12-26 12:00:00.000000','FREE',5,NULL),(298,'2022-12-26 13:00:00.000000','FREE',5,NULL),(299,'2022-12-27 07:00:00.000000','FREE',5,NULL),(300,'2022-12-27 08:00:00.000000','FREE',5,NULL),(301,'2022-12-27 09:00:00.000000','FREE',5,NULL),(302,'2022-12-27 10:00:00.000000','FREE',5,NULL),(303,'2022-12-27 12:00:00.000000','FREE',5,NULL),(304,'2022-12-27 13:00:00.000000','FREE',5,NULL),(305,'2022-12-28 07:00:00.000000','FREE',5,NULL),(306,'2022-12-28 08:00:00.000000','FREE',5,NULL),(307,'2022-12-28 09:00:00.000000','FREE',5,NULL),(308,'2022-12-28 10:00:00.000000','FREE',5,NULL),(309,'2022-12-28 12:00:00.000000','FREE',5,NULL),(310,'2022-12-28 13:00:00.000000','FREE',5,NULL),(311,'2022-12-29 07:00:00.000000','FREE',5,NULL),(312,'2022-12-29 08:00:00.000000','FREE',5,NULL),(313,'2022-12-29 09:00:00.000000','FREE',5,NULL),(314,'2022-12-29 10:00:00.000000','FREE',5,NULL),(315,'2022-12-29 12:00:00.000000','FREE',5,NULL),(316,'2022-12-29 13:00:00.000000','FREE',5,NULL),(317,'2022-12-30 07:00:00.000000','FREE',5,NULL),(318,'2022-12-30 08:00:00.000000','FREE',5,NULL),(319,'2022-12-30 09:00:00.000000','FREE',5,NULL),(320,'2022-12-30 10:00:00.000000','FREE',5,NULL),(321,'2022-12-30 12:00:00.000000','FREE',5,NULL),(322,'2022-12-30 13:00:00.000000','FREE',5,NULL),(323,'2022-12-20 08:00:00.000000','FREE',6,NULL),(324,'2022-12-20 09:00:00.000000','FREE',6,NULL),(325,'2022-12-20 10:00:00.000000','FREE',6,NULL),(326,'2022-12-20 11:00:00.000000','FREE',6,NULL),(327,'2022-12-20 12:00:00.000000','FREE',6,NULL),(328,'2022-12-20 14:00:00.000000','FREE',6,NULL),(329,'2022-12-20 15:00:00.000000','FREE',6,NULL),(330,'2022-12-20 16:00:00.000000','FREE',6,NULL),(331,'2022-12-20 17:00:00.000000','FREE',6,NULL),(332,'2022-06-20 08:00:00.000000','FREE',7,NULL),(333,'2022-06-20 09:00:00.000000','FREE',7,NULL),(334,'2022-06-20 10:00:00.000000','FREE',7,NULL),(335,'2022-06-20 12:00:00.000000','FREE',7,NULL),(336,'2022-06-20 13:00:00.000000','FREE',7,NULL),(337,'2022-06-20 14:00:00.000000','FREE',7,NULL),(338,'2022-06-21 08:00:00.000000','FREE',7,NULL),(339,'2022-06-21 09:00:00.000000','FREE',7,NULL),(340,'2022-06-21 10:00:00.000000','FREE',7,NULL),(341,'2022-06-21 12:00:00.000000','FREE',7,NULL),(342,'2022-06-21 13:00:00.000000','FREE',7,NULL),(343,'2022-06-21 14:00:00.000000','FREE',7,NULL),(344,'2022-06-22 08:00:00.000000','FREE',7,NULL),(345,'2022-06-22 09:00:00.000000','FREE',7,NULL),(346,'2022-06-22 10:00:00.000000','FREE',7,NULL),(347,'2022-06-22 12:00:00.000000','FREE',7,NULL),(348,'2022-06-22 13:00:00.000000','FREE',7,NULL),(349,'2022-06-22 14:00:00.000000','FREE',7,NULL),(350,'2022-06-23 08:00:00.000000','FREE',7,NULL),(351,'2022-06-23 09:00:00.000000','FREE',7,NULL),(352,'2022-06-23 10:00:00.000000','FREE',7,NULL),(353,'2022-06-23 12:00:00.000000','FREE',7,NULL),(354,'2022-06-23 13:00:00.000000','FREE',7,NULL),(355,'2022-06-23 14:00:00.000000','FREE',7,NULL),(356,'2022-06-24 08:00:00.000000','FREE',7,NULL),(357,'2022-06-24 09:00:00.000000','FREE',7,NULL),(358,'2022-06-24 10:00:00.000000','FREE',7,NULL),(359,'2022-06-24 12:00:00.000000','FREE',7,NULL),(360,'2022-06-24 13:00:00.000000','FREE',7,NULL),(361,'2022-06-24 14:00:00.000000','FREE',7,NULL),(362,'2022-06-27 08:00:00.000000','FREE',7,NULL),(363,'2022-06-27 09:00:00.000000','FREE',7,NULL),(364,'2022-06-27 10:00:00.000000','FREE',7,NULL),(365,'2022-06-27 12:00:00.000000','FREE',7,NULL),(366,'2022-06-27 13:00:00.000000','FREE',7,NULL),(367,'2022-06-27 14:00:00.000000','FREE',7,NULL),(368,'2022-06-28 08:00:00.000000','FREE',7,NULL),(369,'2022-06-28 09:00:00.000000','FREE',7,NULL),(370,'2022-06-28 10:00:00.000000','FREE',7,NULL),(371,'2022-06-28 12:00:00.000000','FREE',7,NULL),(372,'2022-06-28 13:00:00.000000','FREE',7,NULL),(373,'2022-06-28 14:00:00.000000','FREE',7,NULL),(374,'2022-06-29 08:00:00.000000','FREE',7,NULL),(375,'2022-06-29 09:00:00.000000','FREE',7,NULL),(376,'2022-06-29 10:00:00.000000','FREE',7,NULL),(377,'2022-06-29 12:00:00.000000','FREE',7,NULL),(378,'2022-06-29 13:00:00.000000','FREE',7,NULL),(379,'2022-06-29 14:00:00.000000','FREE',7,NULL),(380,'2022-06-30 08:00:00.000000','FREE',7,NULL),(381,'2022-06-30 09:00:00.000000','FREE',7,NULL),(382,'2022-06-30 10:00:00.000000','FREE',7,NULL),(383,'2022-06-30 12:00:00.000000','FREE',7,NULL),(384,'2022-06-30 13:00:00.000000','FREE',7,NULL),(385,'2022-06-30 14:00:00.000000','FREE',7,NULL),(386,'2022-05-20 08:00:00.000000','FREE',8,NULL),(387,'2022-05-20 08:30:00.000000','FREE',8,NULL),(388,'2022-05-20 09:00:00.000000','FREE',8,NULL),(389,'2022-05-20 09:30:00.000000','FREE',8,NULL),(390,'2022-05-20 10:00:00.000000','FREE',8,NULL),(391,'2022-05-20 10:30:00.000000','FREE',8,NULL),(392,'2022-05-20 11:00:00.000000','FREE',8,NULL),(393,'2022-05-20 11:30:00.000000','FREE',8,NULL),(394,'2022-05-20 13:00:00.000000','FREE',8,NULL),(395,'2022-05-20 13:30:00.000000','FREE',8,NULL),(396,'2022-05-20 14:00:00.000000','FREE',8,NULL),(397,'2022-05-20 14:30:00.000000','FREE',8,NULL),(398,'2022-05-20 15:00:00.000000','FREE',8,NULL),(399,'2022-05-20 15:30:00.000000','FREE',8,NULL),(400,'2022-05-20 16:00:00.000000','FREE',8,NULL),(401,'2022-05-20 16:30:00.000000','FREE',8,NULL);
/*!40000 ALTER TABLE `schedule` ENABLE KEYS */;
UNLOCK TABLES;
/*!40103 SET TIME_ZONE=@OLD_TIME_ZONE */;

/*!40101 SET SQL_MODE=@OLD_SQL_MODE */;
/*!40014 SET FOREIGN_KEY_CHECKS=@OLD_FOREIGN_KEY_CHECKS */;
/*!40014 SET UNIQUE_CHECKS=@OLD_UNIQUE_CHECKS */;
/*!40101 SET CHARACTER_SET_CLIENT=@OLD_CHARACTER_SET_CLIENT */;
/*!40101 SET CHARACTER_SET_RESULTS=@OLD_CHARACTER_SET_RESULTS */;
/*!40101 SET COLLATION_CONNECTION=@OLD_COLLATION_CONNECTION */;
/*!40111 SET SQL_NOTES=@OLD_SQL_NOTES */;

-- Dump completed on 2023-09-12 20:22:41
